{"cameraMode":{"drawMode":0,"name":"Shaded","section":"Shading Mode"},"sceneLighting":false,"audioPlay":false,"sceneViewState":{"m_AlwaysRefresh":false,"showFog":true,"showSkybox":false,"showFlares":true,"showImageEffects":true,"showParticleSystems":true,"showVisualEffectGraphs":true,"m_FxEnabled":true},"in2DMode":false,"pivot":{"x":0.013998299837112427,"y":8.897329330444336,"z":-2.251950740814209},"rotation":{"x":0.019060365855693818,"y":-0.8003315329551697,"z":0.025461291894316675,"w":0.5987364649772644},"size":5.466581344604492,"orthographic":false}