{"cameraMode":{"drawMode":0,"name":"Shaded","section":"Shading Mode"},"sceneLighting":false,"audioPlay":false,"sceneViewState":{"m_AlwaysRefresh":false,"showFog":true,"showSkybox":false,"showFlares":true,"showImageEffects":true,"showParticleSystems":true,"showVisualEffectGraphs":true,"m_FxEnabled":true},"in2DMode":false,"pivot":{"x":-0.7872167229652405,"y":0.5823794603347778,"z":2.322821855545044},"rotation":{"x":-0.007790178060531616,"y":0.9913736581802368,"z":-0.11080770939588547,"w":-0.0697086751461029},"size":1.3374520540237427,"orthographic":false}