{"cameraMode":{"drawMode":0,"name":"Shaded","section":"Shading Mode"},"sceneLighting":true,"audioPlay":false,"sceneViewState":{"m_AlwaysRefresh":false,"showFog":true,"showSkybox":true,"showFlares":true,"showImageEffects":true,"showParticleSystems":true,"showVisualEffectGraphs":true,"m_FxEnabled":true},"in2DMode":false,"pivot":{"x":22.702190399169923,"y":0.07933837175369263,"z":56.72752380371094},"rotation":{"x":0.004391816444694996,"y":0.2318834811449051,"z":-0.0009792473865672947,"w":0.972893476486206},"size":38.86429977416992,"orthographic":false}